<metadata xml:lang="en"><Esri><CreaDate>20111109</CreaDate><CreaTime>13140500</CreaTime><ArcGISFormat>1.0</ArcGISFormat><SyncOnce>FALSE</SyncOnce><DataProperties><lineage><Process ToolSource="C:\Program Files (x86)\ArcGIS\Desktop10.0\ArcToolbox\Toolboxes\Data Management Tools.tbx\Project" Date="20111109" Time="131405">Project complex_data_counties C:\Users\nscholtz\Documents\ArcGIS\Default.gdb\complex_data_counties_Projec PROJCS['NAD_1983_HARN_Michigan_GeoRef_Meters',GEOGCS['GCS_North_American_1983_HARN',DATUM['D_North_American_1983_HARN',SPHEROID['GRS_1980',6378137.0,298.257222101]],PRIMEM['Greenwich',0.0],UNIT['Degree',0.0174532925199433]],PROJECTION['Hotine_Oblique_Mercator_Azimuth_Natural_Origin'],PARAMETER['False_Easting',2546731.496],PARAMETER['False_Northing',-4354009.816],PARAMETER['Scale_Factor',0.9996],PARAMETER['Azimuth',337.25556],PARAMETER['Longitude_Of_Center',-86.0],PARAMETER['Latitude_Of_Center',45.30916666666666],UNIT['Meter',1.0]] NAD_1983_HARN_To_WGS_1984 GEOGCS['GCS_WGS_1984',DATUM['D_WGS_1984',SPHEROID['WGS_1984',6378137.0,298.257223563]],PRIMEM['Greenwich',0.0],UNIT['Degree',0.0174532925199433]]</Process><Process ToolSource="C:\Program Files (x86)\ArcGIS\Desktop10.0\ArcToolbox\Toolboxes\Conversion Tools.tbx\FeatureClassToFeatureClass" Date="20111109" Time="131457">FeatureClassToFeatureClass C:\Users\nscholtz\Documents\ArcGIS\Default.gdb\complex_data_counties_Projec C:\Users\nscholtz\Desktop\complex_data2 complex_data_counties.shp # "ObjectID "ObjectID" true true false 4 Long 0 0 ,First,#,C:\Users\nscholtz\Documents\ArcGIS\Default.gdb\complex_data_counties_Projec,ObjectID,-1,-1;NAME "NAME" true true false 32 Text 0 0 ,First,#,C:\Users\nscholtz\Documents\ArcGIS\Default.gdb\complex_data_counties_Projec,NAME,-1,-1;STATE_FIPS "STATE_FIPS" true true false 2 Text 0 0 ,First,#,C:\Users\nscholtz\Documents\ArcGIS\Default.gdb\complex_data_counties_Projec,STATE_FIPS,-1,-1;CNTY_FIPS "CNTY_FIPS" true true false 3 Text 0 0 ,First,#,C:\Users\nscholtz\Documents\ArcGIS\Default.gdb\complex_data_counties_Projec,CNTY_FIPS,-1,-1;FIPS "FIPS" true true false 5 Text 0 0 ,First,#,C:\Users\nscholtz\Documents\ArcGIS\Default.gdb\complex_data_counties_Projec,FIPS,-1,-1;fips_num "fips_num" true true false 4 Long 0 0 ,First,#,C:\Users\nscholtz\Documents\ArcGIS\Default.gdb\complex_data_counties_Projec,fips_num,-1,-1;Geo_FIPS "Geo_FIPS" true true false 8 Double 0 0 ,First,#,C:\Users\nscholtz\Documents\ArcGIS\Default.gdb\complex_data_counties_Projec,Geo_FIPS,-1,-1;Geo_GEOID "Geo_GEOID" true true false 254 Text 0 0 ,First,#,C:\Users\nscholtz\Documents\ArcGIS\Default.gdb\complex_data_counties_Projec,Geo_GEOID,-1,-1;Geo_NAME "Geo_NAME" true true false 254 Text 0 0 ,First,#,C:\Users\nscholtz\Documents\ArcGIS\Default.gdb\complex_data_counties_Projec,Geo_NAME,-1,-1;population "population" true true false 8 Double 0 0 ,First,#,C:\Users\nscholtz\Documents\ArcGIS\Default.gdb\complex_data_counties_Projec,population,-1,-1;white "white" true true false 8 Double 0 0 ,First,#,C:\Users\nscholtz\Documents\ArcGIS\Default.gdb\complex_data_counties_Projec,white,-1,-1;black "black" true true false 8 Double 0 0 ,First,#,C:\Users\nscholtz\Documents\ArcGIS\Default.gdb\complex_data_counties_Projec,black,-1,-1;nat_amer "nat_amer" true true false 8 Double 0 0 ,First,#,C:\Users\nscholtz\Documents\ArcGIS\Default.gdb\complex_data_counties_Projec,nat_amer,-1,-1;asian "asian" true true false 8 Double 0 0 ,First,#,C:\Users\nscholtz\Documents\ArcGIS\Default.gdb\complex_data_counties_Projec,asian,-1,-1;pac_isl "pac_isl" true true false 8 Double 0 0 ,First,#,C:\Users\nscholtz\Documents\ArcGIS\Default.gdb\complex_data_counties_Projec,pac_isl,-1,-1;other "other" true true false 8 Double 0 0 ,First,#,C:\Users\nscholtz\Documents\ArcGIS\Default.gdb\complex_data_counties_Projec,other,-1,-1;two_more "two_more" true true false 8 Double 0 0 ,First,#,C:\Users\nscholtz\Documents\ArcGIS\Default.gdb\complex_data_counties_Projec,two_more,-1,-1;hh_income "hh_income" true true false 8 Double 0 0 ,First,#,C:\Users\nscholtz\Documents\ArcGIS\Default.gdb\complex_data_counties_Projec,hh_income,-1,-1;hh_value "hh_value" true true false 8 Double 0 0 ,First,#,C:\Users\nscholtz\Documents\ArcGIS\Default.gdb\complex_data_counties_Projec,hh_value,-1,-1;avg_rent "avg_rent" true true false 8 Double 0 0 ,First,#,C:\Users\nscholtz\Documents\ArcGIS\Default.gdb\complex_data_counties_Projec,avg_rent,-1,-1;Shape_Leng "Shape_Length" false true true 8 Double 0 0 ,First,#,C:\Users\nscholtz\Documents\ArcGIS\Default.gdb\complex_data_counties_Projec,Shape_Length,-1,-1;Shape_Area "Shape_Area" false true true 8 Double 0 0 ,First,#,C:\Users\nscholtz\Documents\ArcGIS\Default.gdb\complex_data_counties_Projec,Shape_Area,-1,-1" #</Process></lineage><itemProps><itemName Sync="TRUE">complex_data_counties</itemName><imsContentType Sync="TRUE">002</imsContentType><itemSize Sync="TRUE">0.000</itemSize><itemLocation><linkage Sync="TRUE">file://\\CCS-DIAD29\C$\Users\nscholtz\Desktop\complex_data2\complex_data_counties.shp</linkage><protocol Sync="TRUE">Local Area Network</protocol></itemLocation></itemProps><coordRef><type Sync="TRUE">Projected</type><geogcsn Sync="TRUE">GCS_North_American_1983_HARN</geogcsn><projcsn Sync="TRUE">NAD_1983_HARN_Michigan_GeoRef_Meters</projcsn><peXml Sync="TRUE">&lt;ProjectedCoordinateSystem xsi:type='typens:ProjectedCoordinateSystem' xmlns:xsi='http://www.w3.org/2001/XMLSchema-instance' xmlns:xs='http://www.w3.org/2001/XMLSchema' xmlns:typens='http://www.esri.com/schemas/ArcGIS/10.0'&gt;&lt;WKT&gt;PROJCS[&amp;quot;NAD_1983_HARN_Michigan_GeoRef_Meters&amp;quot;,GEOGCS[&amp;quot;GCS_North_American_1983_HARN&amp;quot;,DATUM[&amp;quot;D_North_American_1983_HARN&amp;quot;,SPHEROID[&amp;quot;GRS_1980&amp;quot;,6378137.0,298.257222101]],PRIMEM[&amp;quot;Greenwich&amp;quot;,0.0],UNIT[&amp;quot;Degree&amp;quot;,0.0174532925199433]],PROJECTION[&amp;quot;Hotine_Oblique_Mercator_Azimuth_Natural_Origin&amp;quot;],PARAMETER[&amp;quot;False_Easting&amp;quot;,2546731.496],PARAMETER[&amp;quot;False_Northing&amp;quot;,-4354009.816],PARAMETER[&amp;quot;Scale_Factor&amp;quot;,0.9996],PARAMETER[&amp;quot;Azimuth&amp;quot;,337.25556],PARAMETER[&amp;quot;Longitude_Of_Center&amp;quot;,-86.0],PARAMETER[&amp;quot;Latitude_Of_Center&amp;quot;,45.30916666666666],UNIT[&amp;quot;Meter&amp;quot;,1.0],AUTHORITY[&amp;quot;EPSG&amp;quot;,3079]]&lt;/WKT&gt;&lt;XOrigin&gt;-28810000&lt;/XOrigin&gt;&lt;YOrigin&gt;-30359300&lt;/YOrigin&gt;&lt;XYScale&gt;140069313.95609677&lt;/XYScale&gt;&lt;ZOrigin&gt;-100000&lt;/ZOrigin&gt;&lt;ZScale&gt;10000&lt;/ZScale&gt;&lt;MOrigin&gt;-100000&lt;/MOrigin&gt;&lt;MScale&gt;10000&lt;/MScale&gt;&lt;XYTolerance&gt;0.001&lt;/XYTolerance&gt;&lt;ZTolerance&gt;0.001&lt;/ZTolerance&gt;&lt;MTolerance&gt;0.001&lt;/MTolerance&gt;&lt;HighPrecision&gt;true&lt;/HighPrecision&gt;&lt;WKID&gt;3079&lt;/WKID&gt;&lt;/ProjectedCoordinateSystem&gt;</peXml></coordRef></DataProperties><SyncDate>20111109</SyncDate><SyncTime>13145600</SyncTime><ModDate>20111109</ModDate><ModTime>13145600</ModTime></Esri><dataIdInfo><envirDesc Sync="TRUE">Microsoft Windows Server 2008 R2 Version 6.1 (Build 7601) Service Pack 1; ESRI ArcGIS 10.0.2.3200</envirDesc><dataLang><languageCode value="eng" country="USA"></languageCode></dataLang><idCitation><resTitle Sync="TRUE">complex_data_counties</resTitle><presForm><PresFormCd value="005"></PresFormCd></presForm></idCitation><descKeys><thesaName uuidref="723f6998-058e-11dc-8314-0800200c9a66"></thesaName><keyword Sync="TRUE">002</keyword></descKeys><spatRpType><SpatRepTypCd value="001"></SpatRepTypCd></spatRpType></dataIdInfo><mdLang><languageCode value="eng"></languageCode></mdLang><distInfo><distFormat><formatName Sync="TRUE">Shapefile</formatName></distFormat><distTranOps><transSize Sync="TRUE">0.000</transSize></distTranOps></distInfo><mdHrLv><ScopeCd value="005"></ScopeCd></mdHrLv><mdHrLvName Sync="TRUE">dataset</mdHrLvName><refSysInfo><RefSystem><refSysID><identCode code="3079"></identCode><idCodeSpace Sync="TRUE">EPSG</idCodeSpace><idVersion Sync="TRUE">7.4.1</idVersion></refSysID></RefSystem></refSysInfo><spdoinfo><ptvctinf><esriterm Name="complex_data_counties"><efeatyp Sync="TRUE">Simple</efeatyp><efeageom Sync="TRUE">4</efeageom><esritopo Sync="TRUE">FALSE</esritopo><efeacnt Sync="TRUE">0</efeacnt><spindex Sync="TRUE">FALSE</spindex><linrefer Sync="TRUE">FALSE</linrefer></esriterm></ptvctinf></spdoinfo><spatRepInfo><VectSpatRep><topLvl><TopoLevCd value="001"></TopoLevCd></topLvl><geometObjs><geoObjTyp><GeoObjTypCd value="002"></GeoObjTypCd><geoObjCnt Sync="TRUE">0</geoObjCnt></geoObjTyp></geometObjs></VectSpatRep></spatRepInfo><eainfo><detailed Name="complex_data_counties"><enttyp><enttypl Sync="TRUE">complex_data_counties</enttypl><enttypt Sync="TRUE">Feature Class</enttypt><enttypc Sync="TRUE">0</enttypc></enttyp><attr><attrlabl Sync="TRUE">FID</attrlabl><attalias Sync="TRUE">FID</attalias><attrtype Sync="TRUE">OID</attrtype><attwidth Sync="TRUE">4</attwidth><atprecis Sync="TRUE">0</atprecis><attscale Sync="TRUE">0</attscale><attrdef Sync="TRUE">Internal feature number.</attrdef><attrdefs Sync="TRUE">ESRI</attrdefs><attrdomv><udom Sync="TRUE">Sequential unique whole numbers that are automatically generated.</udom></attrdomv></attr><attr><attrlabl Sync="TRUE">Shape</attrlabl><attalias Sync="TRUE">Shape</attalias><attrtype Sync="TRUE">Geometry</attrtype><attwidth Sync="TRUE">0</attwidth><atprecis Sync="TRUE">0</atprecis><attscale Sync="TRUE">0</attscale><attrdef Sync="TRUE">Feature geometry.</attrdef><attrdefs Sync="TRUE">ESRI</attrdefs><attrdomv><udom Sync="TRUE">Coordinates defining the features.</udom></attrdomv></attr><attr><attrlabl Sync="TRUE">ObjectID</attrlabl><attalias Sync="TRUE">ObjectID</attalias><attrtype Sync="TRUE">Integer</attrtype><attwidth Sync="TRUE">9</attwidth><atprecis Sync="TRUE">9</atprecis><attscale Sync="TRUE">0</attscale></attr><attr><attrlabl Sync="TRUE">NAME</attrlabl><attalias Sync="TRUE">NAME</attalias><attrtype Sync="TRUE">String</attrtype><attwidth Sync="TRUE">32</attwidth><atprecis Sync="TRUE">0</atprecis><attscale Sync="TRUE">0</attscale></attr><attr><attrlabl Sync="TRUE">STATE_FIPS</attrlabl><attalias Sync="TRUE">STATE_FIPS</attalias><attrtype Sync="TRUE">String</attrtype><attwidth Sync="TRUE">2</attwidth><atprecis Sync="TRUE">0</atprecis><attscale Sync="TRUE">0</attscale></attr><attr><attrlabl Sync="TRUE">CNTY_FIPS</attrlabl><attalias Sync="TRUE">CNTY_FIPS</attalias><attrtype Sync="TRUE">String</attrtype><attwidth Sync="TRUE">3</attwidth><atprecis Sync="TRUE">0</atprecis><attscale Sync="TRUE">0</attscale></attr><attr><attrlabl Sync="TRUE">FIPS</attrlabl><attalias Sync="TRUE">FIPS</attalias><attrtype Sync="TRUE">String</attrtype><attwidth Sync="TRUE">5</attwidth><atprecis Sync="TRUE">0</atprecis><attscale Sync="TRUE">0</attscale></attr><attr><attrlabl Sync="TRUE">fips_num</attrlabl><attalias Sync="TRUE">fips_num</attalias><attrtype Sync="TRUE">Integer</attrtype><attwidth Sync="TRUE">9</attwidth><atprecis Sync="TRUE">9</atprecis><attscale Sync="TRUE">0</attscale></attr><attr><attrlabl Sync="TRUE">Geo_FIPS</attrlabl><attalias Sync="TRUE">Geo_FIPS</attalias><attrtype Sync="TRUE">Double</attrtype><attwidth Sync="TRUE">19</attwidth><atprecis Sync="TRUE">0</atprecis><attscale Sync="TRUE">0</attscale></attr><attr><attrlabl Sync="TRUE">Geo_GEOID</attrlabl><attalias Sync="TRUE">Geo_GEOID</attalias><attrtype Sync="TRUE">String</attrtype><attwidth Sync="TRUE">254</attwidth><atprecis Sync="TRUE">0</atprecis><attscale Sync="TRUE">0</attscale></attr><attr><attrlabl Sync="TRUE">Geo_NAME</attrlabl><attalias Sync="TRUE">Geo_NAME</attalias><attrtype Sync="TRUE">String</attrtype><attwidth Sync="TRUE">254</attwidth><atprecis Sync="TRUE">0</atprecis><attscale Sync="TRUE">0</attscale></attr><attr><attrlabl Sync="TRUE">population</attrlabl><attalias Sync="TRUE">population</attalias><attrtype Sync="TRUE">Double</attrtype><attwidth Sync="TRUE">19</attwidth><atprecis Sync="TRUE">0</atprecis><attscale Sync="TRUE">0</attscale></attr><attr><attrlabl Sync="TRUE">white</attrlabl><attalias Sync="TRUE">white</attalias><attrtype Sync="TRUE">Double</attrtype><attwidth Sync="TRUE">19</attwidth><atprecis Sync="TRUE">0</atprecis><attscale Sync="TRUE">0</attscale></attr><attr><attrlabl Sync="TRUE">black</attrlabl><attalias Sync="TRUE">black</attalias><attrtype Sync="TRUE">Double</attrtype><attwidth Sync="TRUE">19</attwidth><atprecis Sync="TRUE">0</atprecis><attscale Sync="TRUE">0</attscale></attr><attr><attrlabl Sync="TRUE">nat_amer</attrlabl><attalias Sync="TRUE">nat_amer</attalias><attrtype Sync="TRUE">Double</attrtype><attwidth Sync="TRUE">19</attwidth><atprecis Sync="TRUE">0</atprecis><attscale Sync="TRUE">0</attscale></attr><attr><attrlabl Sync="TRUE">asian</attrlabl><attalias Sync="TRUE">asian</attalias><attrtype Sync="TRUE">Double</attrtype><attwidth Sync="TRUE">19</attwidth><atprecis Sync="TRUE">0</atprecis><attscale Sync="TRUE">0</attscale></attr><attr><attrlabl Sync="TRUE">pac_isl</attrlabl><attalias Sync="TRUE">pac_isl</attalias><attrtype Sync="TRUE">Double</attrtype><attwidth Sync="TRUE">19</attwidth><atprecis Sync="TRUE">0</atprecis><attscale Sync="TRUE">0</attscale></attr><attr><attrlabl Sync="TRUE">other</attrlabl><attalias Sync="TRUE">other</attalias><attrtype Sync="TRUE">Double</attrtype><attwidth Sync="TRUE">19</attwidth><atprecis Sync="TRUE">0</atprecis><attscale Sync="TRUE">0</attscale></attr><attr><attrlabl Sync="TRUE">two_more</attrlabl><attalias Sync="TRUE">two_more</attalias><attrtype Sync="TRUE">Double</attrtype><attwidth Sync="TRUE">19</attwidth><atprecis Sync="TRUE">0</atprecis><attscale Sync="TRUE">0</attscale></attr><attr><attrlabl Sync="TRUE">hh_income</attrlabl><attalias Sync="TRUE">hh_income</attalias><attrtype Sync="TRUE">Double</attrtype><attwidth Sync="TRUE">19</attwidth><atprecis Sync="TRUE">0</atprecis><attscale Sync="TRUE">0</attscale></attr><attr><attrlabl Sync="TRUE">hh_value</attrlabl><attalias Sync="TRUE">hh_value</attalias><attrtype Sync="TRUE">Double</attrtype><attwidth Sync="TRUE">19</attwidth><atprecis Sync="TRUE">0</atprecis><attscale Sync="TRUE">0</attscale></attr><attr><attrlabl Sync="TRUE">avg_rent</attrlabl><attalias Sync="TRUE">avg_rent</attalias><attrtype Sync="TRUE">Double</attrtype><attwidth Sync="TRUE">19</attwidth><atprecis Sync="TRUE">0</atprecis><attscale Sync="TRUE">0</attscale></attr><attr><attrlabl Sync="TRUE">Shape_Leng</attrlabl><attalias Sync="TRUE">Shape_Leng</attalias><attrtype Sync="TRUE">Double</attrtype><attwidth Sync="TRUE">19</attwidth><atprecis Sync="TRUE">0</atprecis><attscale Sync="TRUE">0</attscale></attr><attr><attrlabl Sync="TRUE">Shape_Area</attrlabl><attalias Sync="TRUE">Shape_Area</attalias><attrtype Sync="TRUE">Double</attrtype><attwidth Sync="TRUE">19</attwidth><atprecis Sync="TRUE">0</atprecis><attscale Sync="TRUE">0</attscale><attrdef Sync="TRUE">Area of feature in internal units squared.</attrdef><attrdefs Sync="TRUE">ESRI</attrdefs><attrdomv><udom Sync="TRUE">Positive real numbers that are automatically generated.</udom></attrdomv></attr></detailed></eainfo><mdDateSt Sync="TRUE">20111109</mdDateSt></metadata>
